[
  {
    "id": 1,
    "name": "가니1",
    "price": "3000",
    "stock": "1",
    "thumbnail_image_url": "https://image.shutterstock.com/image-photo/close-chocolate-bar-isolated-on-600w-524456035.jpg",
    "category_id": "초콜릿",
    "create_at": "2022년 06월 07일",
    "update_at": "미사용 데이터"
  },

  {
    "id": 2,
    "name": "미니쉘",
    "price": "2500",
    "count": "1",
    "thumbnail_image_url": "https://image.shutterstock.com/image-photo/close-chocolate-bar-isolated-on-600w-524456035.jpg",
    "category_id": "초콜릿",
    "create_at": "2022년 06월 07일",
    "update_at": "미사용 데이터"
  },

  {
    "id": 3,
    "name": "카카오99%",
    "price": "2500",
    "count": "2",
    "thumbnail_image_url": "https://image.shutterstock.com/image-photo/close-chocolate-bar-isolated-on-600w-524456035.jpg",
    "category_id": "초콜릿",
    "create_at": "2022년 06월 07일",
    "update_at": "미사용 데이터"
  },

  {
    "id": 4,
    "name": "석기시대",
    "price": "3400",
    "count": "1",
    "thumbnail_image_url": "https://image.shutterstock.com/image-photo/close-chocolate-bar-isolated-on-600w-524456035.jpg",
    "category_id": "초콜릿",
    "create_at": "2022년 06월 07일",
    "update_at": "미사용 데이터"
  },

  {
    "id": 5,
    "name": "석기시대",
    "price": "3400",
    "count": "1",
    "thumbnail_image_url": "https://image.shutterstock.com/image-photo/close-chocolate-bar-isolated-on-600w-524456035.jpg",
    "category_id": "초콜릿",
    "create_at": "2022년 06월 07일",
    "update_at": "미사용 데이터"
  },

  {
    "id": 6,
    "name": "석기시대",
    "price": "3400",
    "count": "1",
    "thumbnail_image_url": "https://image.shutterstock.com/image-photo/close-chocolate-bar-isolated-on-600w-524456035.jpg",
    "category_id": "초콜릿",
    "create_at": "2022년 06월 07일",
    "update_at": "미사용 데이터"
  },

  {
    "id": 7,
    "name": "석기시대",
    "price": "3400",
    "count": "1",
    "thumbnail_image_url": "https://image.shutterstock.com/image-photo/close-chocolate-bar-isolated-on-600w-524456035.jpg",
    "category_id": "초콜릿",
    "create_at": "2022년 06월 07일",
    "update_at": "미사용 데이터"
  },

  {
    "id": 8,
    "name": "석기시대",
    "price": "3400",
    "count": "1",
    "thumbnail_image_url": "https://image.shutterstock.com/image-photo/close-chocolate-bar-isolated-on-600w-524456035.jpg",
    "category_id": "초콜릿",
    "create_at": "2022년 06월 07일",
    "update_at": "미사용 데이터"
  },

  {
    "id": 9,
    "name": "가니",
    "price": "3000",
    "count": "1",
    "thumbnail_image_url": "https://images.unsplash.com/photo-1563729784474-d77dbb933a9e?ixlib=rb-1.2.1&ixid=MnwxMjA3fDB8MHxzZWFyY2h8MXx8Y2FrZXxlbnwwfHwwfHw%3D&auto=format&fit=crop&w=800&q=60",
    "category_id": "초콜릿",
    "create_at": "2022년 06월 07일",
    "update_at": "미사용 데이터"
  },

  {
    "id": 10,
    "name": "미니쉘",
    "price": "2500",
    "count": "1",
    "thumbnail_image_url": "https://images.unsplash.com/photo-1563729784474-d77dbb933a9e?ixlib=rb-1.2.1&ixid=MnwxMjA3fDB8MHxzZWFyY2h8MXx8Y2FrZXxlbnwwfHwwfHw%3D&auto=format&fit=crop&w=800&q=60",
    "category_id": "초콜릿",
    "create_at": "2022년 06월 07일",
    "update_at": "미사용 데이터"
  },

  {
    "id": 11,
    "name": "카카오99%",
    "price": "2500",
    "count": "2",
    "thumbnail_image_url": "https://images.unsplash.com/photo-1563729784474-d77dbb933a9e?ixlib=rb-1.2.1&ixid=MnwxMjA3fDB8MHxzZWFyY2h8MXx8Y2FrZXxlbnwwfHwwfHw%3D&auto=format&fit=crop&w=800&q=60",
    "category_id": "초콜릿",
    "create_at": "2022년 06월 07일",
    "update_at": "미사용 데이터"
  },

  {
    "id": 12,
    "name": "석기시대",
    "price": "3400",
    "count": "1",
    "thumbnail_image_url": "https://images.unsplash.com/photo-1563729784474-d77dbb933a9e?ixlib=rb-1.2.1&ixid=MnwxMjA3fDB8MHxzZWFyY2h8MXx8Y2FrZXxlbnwwfHwwfHw%3D&auto=format&fit=crop&w=800&q=60",
    "category_id": "초콜릿",
    "create_at": "2022년 06월 07일",
    "update_at": "미사용 데이터"
  },

  {
    "id": 13,
    "name": "석기시대",
    "price": "3400",
    "count": "1",
    "thumbnail_image_url": "https://images.unsplash.com/photo-1563729784474-d77dbb933a9e?ixlib=rb-1.2.1&ixid=MnwxMjA3fDB8MHxzZWFyY2h8MXx8Y2FrZXxlbnwwfHwwfHw%3D&auto=format&fit=crop&w=800&q=60",
    "category_id": "초콜릿",
    "create_at": "2022년 06월 07일",
    "update_at": "미사용 데이터"
  },

  {
    "id": 14,
    "name": "석기시대",
    "price": "3400",
    "count": "1",
    "thumbnail_image_url": "https://images.unsplash.com/photo-1563729784474-d77dbb933a9e?ixlib=rb-1.2.1&ixid=MnwxMjA3fDB8MHxzZWFyY2h8MXx8Y2FrZXxlbnwwfHwwfHw%3D&auto=format&fit=crop&w=800&q=60",
    "category_id": "초콜릿",
    "create_at": "2022년 06월 07일",
    "update_at": "미사용 데이터"
  },

  {
    "id": 15,
    "name": "석기시대",
    "price": "3400",
    "count": "1",
    "thumbnail_image_url": "https://images.unsplash.com/photo-1563729784474-d77dbb933a9e?ixlib=rb-1.2.1&ixid=MnwxMjA3fDB8MHxzZWFyY2h8MXx8Y2FrZXxlbnwwfHwwfHw%3D&auto=format&fit=crop&w=800&q=60",
    "category_id": "초콜릿",
    "create_at": "2022년 06월 07일",
    "update_at": "미사용 데이터"
  },

  {
    "id": 16,
    "name": "석기시대",
    "price": "3400",
    "count": "1",
    "thumbnail_image_url": "https://images.unsplash.com/photo-1563729784474-d77dbb933a9e?ixlib=rb-1.2.1&ixid=MnwxMjA3fDB8MHxzZWFyY2h8MXx8Y2FrZXxlbnwwfHwwfHw%3D&auto=format&fit=crop&w=800&q=60",
    "category_id": "초콜릿",
    "create_at": "2022년 06월 07일",
    "update_at": "미사용 데이터"
  },

  {
    "id": 17,
    "name": "가니",
    "price": "3000",
    "stock": "50",
    "thumbnail_image_url": "https://images.unsplash.com/photo-1575224300306-1b8da36134ec?ixlib=rb-1.2.1&ixid=MnwxMjA3fDB8MHxzZWFyY2h8MXx8Y2FuZHl8ZW58MHx8MHx8&auto=format&fit=crop&w=800&q=60",
    "category_id": "초콜릿",
    "create_at": "2022년 06월 07일",
    "update_at": "미사용 데이터"
  },

  {
    "id": 18,
    "name": "미니쉘",
    "price": "2500",
    "count": "1",
    "thumbnail_image_url": "https://images.unsplash.com/photo-1575224300306-1b8da36134ec?ixlib=rb-1.2.1&ixid=MnwxMjA3fDB8MHxzZWFyY2h8MXx8Y2FuZHl8ZW58MHx8MHx8&auto=format&fit=crop&w=800&q=60",
    "category_id": "초콜릿",
    "create_at": "2022년 06월 07일",
    "update_at": "미사용 데이터"
  },

  {
    "id": 19,
    "name": "카카오99%",
    "price": "2500",
    "count": "2",
    "thumbnail_image_url": "https://images.unsplash.com/photo-1575224300306-1b8da36134ec?ixlib=rb-1.2.1&ixid=MnwxMjA3fDB8MHxzZWFyY2h8MXx8Y2FuZHl8ZW58MHx8MHx8&auto=format&fit=crop&w=800&q=60",
    "category_id": "초콜릿",
    "create_at": "2022년 06월 07일",
    "update_at": "미사용 데이터"
  },

  {
    "id": 20,
    "name": "석기시대",
    "price": "3400",
    "count": "1",
    "thumbnail_image_url": "https://images.unsplash.com/photo-1575224300306-1b8da36134ec?ixlib=rb-1.2.1&ixid=MnwxMjA3fDB8MHxzZWFyY2h8MXx8Y2FuZHl8ZW58MHx8MHx8&auto=format&fit=crop&w=800&q=60",
    "category_id": "초콜릿",
    "create_at": "2022년 06월 07일",
    "update_at": "미사용 데이터"
  },

  {
    "id": 21,
    "name": "석기시대",
    "price": "3400",
    "count": "1",
    "thumbnail_image_url": "https://images.unsplash.com/photo-1575224300306-1b8da36134ec?ixlib=rb-1.2.1&ixid=MnwxMjA3fDB8MHxzZWFyY2h8MXx8Y2FuZHl8ZW58MHx8MHx8&auto=format&fit=crop&w=800&q=60",
    "category_id": "초콜릿",
    "create_at": "2022년 06월 07일",
    "update_at": "미사용 데이터"
  },

  {
    "id": 22,
    "name": "석기시대",
    "price": "3400",
    "count": "1",
    "thumbnail_image_url": "https://images.unsplash.com/photo-1575224300306-1b8da36134ec?ixlib=rb-1.2.1&ixid=MnwxMjA3fDB8MHxzZWFyY2h8MXx8Y2FuZHl8ZW58MHx8MHx8&auto=format&fit=crop&w=800&q=60",
    "category_id": "초콜릿",
    "create_at": "2022년 06월 07일",
    "update_at": "미사용 데이터"
  },

  {
    "id": 23,
    "name": "석기시대",
    "price": "3400",
    "count": "1",
    "thumbnail_image_url": "https://images.unsplash.com/photo-1575224300306-1b8da36134ec?ixlib=rb-1.2.1&ixid=MnwxMjA3fDB8MHxzZWFyY2h8MXx8Y2FuZHl8ZW58MHx8MHx8&auto=format&fit=crop&w=800&q=60",
    "category_id": "초콜릿",
    "create_at": "2022년 06월 07일",
    "update_at": "미사용 데이터"
  },

  {
    "id": 24,
    "name": "석기시대",
    "price": "3400",
    "count": "1",
    "thumbnail_image_url": "https://images.unsplash.com/photo-1575224300306-1b8da36134ec?ixlib=rb-1.2.1&ixid=MnwxMjA3fDB8MHxzZWFyY2h8MXx8Y2FuZHl8ZW58MHx8MHx8&auto=format&fit=crop&w=800&q=60",
    "category_id": "초콜릿",
    "create_at": "2022년 06월 07일",
    "update_at": "미사용 데이터"
  },

  {
    "id": 25,
    "name": "가니",
    "price": "3000",
    "count": "1",
    "thumbnail_image_url": "https://images.unsplash.com/photo-1600147566401-c2056eb69479?ixlib=rb-1.2.1&ixid=MnwxMjA3fDB8MHxzZWFyY2h8Nnx8Y29va2llfGVufDB8fDB8fA%3D%3D&auto=format&fit=crop&w=800&q=60",
    "category_id": "초콜릿",
    "create_at": "2022년 06월 07일",
    "update_at": "미사용 데이터"
  },

  {
    "id": 26,
    "name": "미니쉘",
    "price": "2500",
    "count": "1",
    "thumbnail_image_url": "https://images.unsplash.com/photo-1600147566401-c2056eb69479?ixlib=rb-1.2.1&ixid=MnwxMjA3fDB8MHxzZWFyY2h8Nnx8Y29va2llfGVufDB8fDB8fA%3D%3D&auto=format&fit=crop&w=800&q=60",
    "category_id": "초콜릿",
    "create_at": "2022년 06월 07일",
    "update_at": "미사용 데이터"
  },

  {
    "id": 27,
    "name": "카카오99%",
    "price": "2500",
    "count": "2",
    "thumbnail_image_url": "https://images.unsplash.com/photo-1600147566401-c2056eb69479?ixlib=rb-1.2.1&ixid=MnwxMjA3fDB8MHxzZWFyY2h8Nnx8Y29va2llfGVufDB8fDB8fA%3D%3D&auto=format&fit=crop&w=800&q=60",
    "category_id": "초콜릿",
    "create_at": "2022년 06월 07일",
    "update_at": "미사용 데이터"
  },

  {
    "id": 28,
    "name": "석기시대",
    "price": "3400",
    "count": "1",
    "thumbnail_image_url": "https://images.unsplash.com/photo-1600147566401-c2056eb69479?ixlib=rb-1.2.1&ixid=MnwxMjA3fDB8MHxzZWFyY2h8Nnx8Y29va2llfGVufDB8fDB8fA%3D%3D&auto=format&fit=crop&w=800&q=60",
    "category_id": "초콜릿",
    "create_at": "2022년 06월 07일",
    "update_at": "미사용 데이터"
  },

  {
    "id": 29,
    "name": "석기시대",
    "price": "3400",
    "count": "1",
    "thumbnail_image_url": "https://images.unsplash.com/photo-1600147566401-c2056eb69479?ixlib=rb-1.2.1&ixid=MnwxMjA3fDB8MHxzZWFyY2h8Nnx8Y29va2llfGVufDB8fDB8fA%3D%3D&auto=format&fit=crop&w=800&q=60",
    "category_id": "초콜릿",
    "create_at": "2022년 06월 07일",
    "update_at": "미사용 데이터"
  },

  {
    "id": 30,
    "name": "석기시대",
    "price": "3400",
    "count": "1",
    "thumbnail_image_url": "https://images.unsplash.com/photo-1600147566401-c2056eb69479?ixlib=rb-1.2.1&ixid=MnwxMjA3fDB8MHxzZWFyY2h8Nnx8Y29va2llfGVufDB8fDB8fA%3D%3D&auto=format&fit=crop&w=800&q=60",
    "category_id": "초콜릿",
    "create_at": "2022년 06월 07일",
    "update_at": "미사용 데이터"
  },

  {
    "id": 31,
    "name": "석기시대",
    "price": "3400",
    "count": "1",
    "thumbnail_image_url": "https://images.unsplash.com/photo-1600147566401-c2056eb69479?ixlib=rb-1.2.1&ixid=MnwxMjA3fDB8MHxzZWFyY2h8Nnx8Y29va2llfGVufDB8fDB8fA%3D%3D&auto=format&fit=crop&w=800&q=60",
    "category_id": "초콜릿",
    "create_at": "2022년 06월 07일",
    "update_at": "미사용 데이터"
  },

  {
    "id": 32,
    "name": "석기시대",
    "price": "3400",
    "count": "1",
    "thumbnail_image_url": "https://images.unsplash.com/photo-1600147566401-c2056eb69479?ixlib=rb-1.2.1&ixid=MnwxMjA3fDB8MHxzZWFyY2h8Nnx8Y29va2llfGVufDB8fDB8fA%3D%3D&auto=format&fit=crop&w=800&q=60",
    "category_id": "초콜릿",
    "create_at": "2022년 06월 07일",
    "update_at": "미사용 데이터"
  },
  {
    "id": 33,
    "name": "가니",
    "price": "3000",
    "count": "1",
    "thumbnail_image_url": "https://images.unsplash.com/photo-1605125208383-694750af8f5b?ixlib=rb-1.2.1&ixid=MnwxMjA3fDB8MHxzZWFyY2h8M3x8amVsbHl8ZW58MHx8MHx8&auto=format&fit=crop&w=800&q=60",
    "category_id": "초콜릿",
    "create_at": "2022년 06월 07일",
    "update_at": "미사용 데이터"
  },

  {
    "id": 34,
    "name": "미니쉘",
    "price": "2500",
    "count": "1",
    "thumbnail_image_url": "https://images.unsplash.com/photo-1605125208383-694750af8f5b?ixlib=rb-1.2.1&ixid=MnwxMjA3fDB8MHxzZWFyY2h8M3x8amVsbHl8ZW58MHx8MHx8&auto=format&fit=crop&w=800&q=60",
    "category_id": "초콜릿",
    "create_at": "2022년 06월 07일",
    "update_at": "미사용 데이터"
  },

  {
    "id": 35,
    "name": "카카오99%",
    "price": "2500",
    "count": "2",
    "thumbnail_image_url": "https://images.unsplash.com/photo-1605125208383-694750af8f5b?ixlib=rb-1.2.1&ixid=MnwxMjA3fDB8MHxzZWFyY2h8M3x8amVsbHl8ZW58MHx8MHx8&auto=format&fit=crop&w=800&q=60",
    "category_id": "초콜릿",
    "create_at": "2022년 06월 07일",
    "update_at": "미사용 데이터"
  },

  {
    "id": 36,
    "name": "석기시대",
    "price": "3400",
    "count": "1",
    "thumbnail_image_url": "https://images.unsplash.com/photo-1605125208383-694750af8f5b?ixlib=rb-1.2.1&ixid=MnwxMjA3fDB8MHxzZWFyY2h8M3x8amVsbHl8ZW58MHx8MHx8&auto=format&fit=crop&w=800&q=60",
    "category_id": "초콜릿",
    "create_at": "2022년 06월 07일",
    "update_at": "미사용 데이터"
  },

  {
    "id": 37,
    "name": "석기시대",
    "price": "3400",
    "count": "1",
    "thumbnail_image_url": "https://images.unsplash.com/photo-1605125208383-694750af8f5b?ixlib=rb-1.2.1&ixid=MnwxMjA3fDB8MHxzZWFyY2h8M3x8amVsbHl8ZW58MHx8MHx8&auto=format&fit=crop&w=800&q=60",
    "category_id": "초콜릿",
    "create_at": "2022년 06월 07일",
    "update_at": "미사용 데이터"
  },

  {
    "id": 38,
    "name": "석기시대",
    "price": "3400",
    "count": "1",
    "thumbnail_image_url": "https://images.unsplash.com/photo-1605125208383-694750af8f5b?ixlib=rb-1.2.1&ixid=MnwxMjA3fDB8MHxzZWFyY2h8M3x8amVsbHl8ZW58MHx8MHx8&auto=format&fit=crop&w=800&q=60",
    "category_id": "초콜릿",
    "create_at": "2022년 06월 07일",
    "update_at": "미사용 데이터"
  },

  {
    "id": 39,
    "name": "석기시대",
    "price": "3400",
    "count": "1",
    "thumbnail_image_url": "https://images.unsplash.com/photo-1605125208383-694750af8f5b?ixlib=rb-1.2.1&ixid=MnwxMjA3fDB8MHxzZWFyY2h8M3x8amVsbHl8ZW58MHx8MHx8&auto=format&fit=crop&w=800&q=60",
    "category_id": "초콜릿",
    "create_at": "2022년 06월 07일",
    "update_at": "미사용 데이터"
  },

  {
    "id": 40,
    "name": "석기시대40",
    "price": "3400",
    "count": "1",
    "thumbnail_image_url": "https://images.unsplash.com/photo-1605125208383-694750af8f5b?ixlib=rb-1.2.1&ixid=MnwxMjA3fDB8MHxzZWFyY2h8M3x8amVsbHl8ZW58MHx8MHx8&auto=format&fit=crop&w=800&q=60",
    "category_id": "초콜릿",
    "create_at": "2022년 06월 07일",
    "update_at": "미사용 데이터"
  }
]
