[
  {
    "id": 1,
    "name": "가니12312",
    "price": "80",
    "count": "1",
    "thumbnail_image_url": "https://image.shutterstock.com/image-photo/close-chocolate-bar-isolated-on-600w-524456035.jpg",
    "category_id": "초콜릿",
    "create_at": "2022년 06월 07일",
    "update_at": "미사용 데이터"
  },

  {
    "id": 2,
    "name": "미니쉘asassasa",
    "price": "5346",
    "count": "1",
    "thumbnail_image_url": "https://image.shutterstock.com/image-photo/close-chocolate-bar-isolated-on-600w-524456035.jpg",
    "category_id": "초콜릿",
    "create_at": "2022년 06월 07일",
    "update_at": "미사용 데이터"
  },

  {
    "id": 3,
    "name": "카카오99%",
    "price": "78",
    "count": "2",
    "thumbnail_image_url": "https://image.shutterstock.com/image-photo/close-chocolate-bar-isolated-on-600w-524456035.jpg",
    "category_id": "초콜릿",
    "create_at": "2022년 06월 07일",
    "update_at": "미사용 데이터"
  },

  {
    "id": 4,
    "name": "석기시대",
    "price": "12",
    "count": "1",
    "thumbnail_image_url": "https://image.shutterstock.com/image-photo/close-chocolate-bar-isolated-on-600w-524456035.jpg",
    "category_id": "초콜릿",
    "create_at": "2022년 06월 07일",
    "update_at": "미사용 데이터"
  },

  {
    "id": 5,
    "name": "석기시대",
    "price": "4523413",
    "count": "1",
    "thumbnail_image_url": "https://image.shutterstock.com/image-photo/close-chocolate-bar-isolated-on-600w-524456035.jpg",
    "category_id": "초콜릿",
    "create_at": "2022년 06월 07일",
    "update_at": "미사용 데이터"
  },

  {
    "id": 6,
    "name": "석기시대",
    "price": "4554231",
    "count": "1",
    "thumbnail_image_url": "https://image.shutterstock.com/image-photo/close-chocolate-bar-isolated-on-600w-524456035.jpg",
    "category_id": "초콜릿",
    "create_at": "2022년 06월 07일",
    "update_at": "미사용 데이터"
  },

  {
    "id": 7,
    "name": "석기시대",
    "price": "3333",
    "count": "1",
    "thumbnail_image_url": "https://image.shutterstock.com/image-photo/close-chocolate-bar-isolated-on-600w-524456035.jpg",
    "category_id": "초콜릿",
    "create_at": "2022년 06월 07일",
    "update_at": "미사용 데이터"
  },

  {
    "id": 8,
    "name": "석기시대",
    "price": "89650",
    "count": "1",
    "thumbnail_image_url": "https://image.shutterstock.com/image-photo/close-chocolate-bar-isolated-on-600w-524456035.jpg",
    "category_id": "초콜릿",
    "create_at": "2022년 06월 07일",
    "update_at": "미사용 데이터"
  }
]
