[
  {
    "id": 1,
    "name": "가니ddfa",
    "price": "3000",
    "count": "1",
    "thumbnail_image_url": "https://images.unsplash.com/photo-1600147566401-c2056eb69479?ixlib=rb-1.2.1&ixid=MnwxMjA3fDB8MHxzZWFyY2h8Nnx8Y29va2llfGVufDB8fDB8fA%3D%3D&auto=format&fit=crop&w=800&q=60",
    "category_id": "초콜릿",
    "create_at": "2022년 06월 07일",
    "update_at": "미사용 데이터"
  },

  {
    "id": 2,
    "name": "미니쉘fff",
    "price": "2500",
    "count": "1",
    "thumbnail_image_url": "https://images.unsplash.com/photo-1600147566401-c2056eb69479?ixlib=rb-1.2.1&ixid=MnwxMjA3fDB8MHxzZWFyY2h8Nnx8Y29va2llfGVufDB8fDB8fA%3D%3D&auto=format&fit=crop&w=800&q=60",
    "category_id": "초콜릿",
    "create_at": "2022년 06월 07일",
    "update_at": "미사용 데이터"
  },

  {
    "id": 3,
    "name": "카카오99%",
    "price": "2500",
    "count": "2",
    "thumbnail_image_url": "https://images.unsplash.com/photo-1600147566401-c2056eb69479?ixlib=rb-1.2.1&ixid=MnwxMjA3fDB8MHxzZWFyY2h8Nnx8Y29va2llfGVufDB8fDB8fA%3D%3D&auto=format&fit=crop&w=800&q=60",
    "category_id": "초콜릿",
    "create_at": "2022년 06월 07일",
    "update_at": "미사용 데이터"
  },

  {
    "id": 4,
    "name": "석기시대",
    "price": "3400",
    "count": "1",
    "thumbnail_image_url": "https://images.unsplash.com/photo-1600147566401-c2056eb69479?ixlib=rb-1.2.1&ixid=MnwxMjA3fDB8MHxzZWFyY2h8Nnx8Y29va2llfGVufDB8fDB8fA%3D%3D&auto=format&fit=crop&w=800&q=60",
    "category_id": "초콜릿",
    "create_at": "2022년 06월 07일",
    "update_at": "미사용 데이터"
  },

  {
    "id": 5,
    "name": "석기시대",
    "price": "3400",
    "count": "1",
    "thumbnail_image_url": "https://images.unsplash.com/photo-1600147566401-c2056eb69479?ixlib=rb-1.2.1&ixid=MnwxMjA3fDB8MHxzZWFyY2h8Nnx8Y29va2llfGVufDB8fDB8fA%3D%3D&auto=format&fit=crop&w=800&q=60",
    "category_id": "초콜릿",
    "create_at": "2022년 06월 07일",
    "update_at": "미사용 데이터"
  },

  {
    "id": 6,
    "name": "석기시대",
    "price": "3400",
    "count": "1",
    "thumbnail_image_url": "https://images.unsplash.com/photo-1600147566401-c2056eb69479?ixlib=rb-1.2.1&ixid=MnwxMjA3fDB8MHxzZWFyY2h8Nnx8Y29va2llfGVufDB8fDB8fA%3D%3D&auto=format&fit=crop&w=800&q=60",
    "category_id": "초콜릿",
    "create_at": "2022년 06월 07일",
    "update_at": "미사용 데이터"
  },

  {
    "id": 7,
    "name": "석기시대",
    "price": "3400",
    "count": "1",
    "thumbnail_image_url": "https://images.unsplash.com/photo-1600147566401-c2056eb69479?ixlib=rb-1.2.1&ixid=MnwxMjA3fDB8MHxzZWFyY2h8Nnx8Y29va2llfGVufDB8fDB8fA%3D%3D&auto=format&fit=crop&w=800&q=60",
    "category_id": "초콜릿",
    "create_at": "2022년 06월 07일",
    "update_at": "미사용 데이터"
  },

  {
    "id": 8,
    "name": "석기시대",
    "price": "3400",
    "count": "1",
    "thumbnail_image_url": "https://images.unsplash.com/photo-1600147566401-c2056eb69479?ixlib=rb-1.2.1&ixid=MnwxMjA3fDB8MHxzZWFyY2h8Nnx8Y29va2llfGVufDB8fDB8fA%3D%3D&auto=format&fit=crop&w=800&q=60",
    "category_id": "초콜릿",
    "create_at": "2022년 06월 07일",
    "update_at": "미사용 데이터"
  }
]
